Workbook
Name SegmentaçãodeDados_vendedor: #N/A

Sheet Vendas(Tabela Base)
A1: data | B1: regiao | C1: produto | D1: categoria | E1: vendedor | F1: quantidade | G1: preco | H1: receita | I1: receita total | J1: quantidade vendida | K1: ticket medio
A2: 45296 | B2: Sudeste | C2: Notebook | D2: Eletrônicos | E2: Ana | F2: 3 | G2: 3500 | H2: =F2*G2 -> 10500 | I2: =SUM(H2:H91) -> 194350 | J2: =SUM(F2:F91) -> 322 | K2: =I2/J2 -> 603.57143
A3: 45298 | B3: Sul | C3: Mouse | D3: Eletrônicos | E3: Carlos | F3: 10 | G3: 80 | H3: =F3*G3 -> 800
A4: 45299 | B4: Nordeste | C4: Teclado | D4: Eletrônicos | E4: Juliana | F4: 5 | G4: 150 | H4: =F4*G4 -> 750
A5: 45301 | B5: Sudeste | C5: Monitor | D5: Eletrônicos | E5: Ana | F5: 2 | G5: 1200 | H5: =F5*G5 -> 2400
A6: 45303 | B6: Centro-Oeste | C6: Cadeira | D6: Gamer | E6: Pedro | F6: 1 | G6: 900 | H6: =F6*G6 -> 900
A7: 45306 | B7: Sul | C7: Notebook | D7: Eletrônicos | E7: Carlos | F7: 1 | G7: 3500 | H7: =F7*G7 -> 3500
A8: 45309 | B8: Nordeste | C8: Mouse | D8: Eletrônicos | E8: Juliana | F8: 8 | G8: 80 | H8: =F8*G8 -> 640
A9: 45311 | B9: Sudeste | C9: Teclado | D9: Eletrônicos | E9: Ana | F9: 4 | G9: 150 | H9: =F9*G9 -> 600
A10: 45313 | B10: Centro-Oeste | C10: Monitor | D10: Eletrônicos | E10: Pedro | F10: 2 | G10: 1200 | H10: =F10*G10 -> 2400
A11: 45316 | B11: Sul | C11: Cadeira | D11: Gamer | E11: Carlos | F11: 1 | G11: 900 | H11: =F11*G11 -> 900
A12: 45319 | B12: Sudeste | C12: Mouse | D12: Eletrônicos | E12: Ana | F12: 6 | G12: 80 | H12: =F12*G12 -> 480
A13: 45321 | B13: Nordeste | C13: Notebook | D13: Eletrônicos | E13: Juliana | F13: 2 | G13: 3500 | H13: =F13*G13 -> 7000
A14: 45323 | B14: Sul | C14: Teclado | D14: Eletrônicos | E14: Carlos | F14: 7 | G14: 150 | H14: =F14*G14 -> 1050
... A92: 45412 | B92: Centro-Oeste | C92: Cadeira | D92: Gamer | E92: Pedro | F92: 1 | G92: 900 | H92: =F92*G92 -> 900

Sheet Tabela dinamica
A3: Soma de receita total | C3: Rótulos de Linha | D3: Soma de quantidade | F3: Rótulos de Linha | G3: Soma de quantidade | I3: Rótulos de Linha | J3: Soma de quantidade
A4: 194350 | C4: Centro-Oeste | D4: 28 | F4: Cadeira | G4: 21 | I4: jan | J4: 45
A5: 194350 | C5: Nordeste | D5: 88 | F5: Monitor | G5: 32 | I5: fev | J5: 64
A6: Soma de quantidade vendida | C6: Sudeste | D6: 89 | F6: Mouse | G6: 150 | I6: mar | J6: 103
A7: 322 | C7: Sul | D7: 117 | F7: Notebook | G7: 32 | I7: abr | J7: 110
A8: 322 | C8: Total Geral | D8: 322 | F8: Teclado | G8: 87 | I8: Total Geral | J8: 322
A9: Soma de ticket medio | F9: Total Geral | G9: 322
A10: 603.57143 | C10: Rótulos de Linha | D10: Soma de preco
A11: 603.57143 | C11: Centro-Oeste | D11: 18300 | F11: Rótulos de Linha | G11: Soma de preco | I11: Rótulos de Linha | J11: Soma de preco
C12: Nordeste | D12: 23280 | F12: Cadeira | G12: 16200 | I12: jan | J12: 15240
C13: Sudeste | D13: 35280 | F13: Monitor | G13: 21600 | I13: fev | J13: 19740
C14: Sul | D14: 28080 | F14: Mouse | G14: 1440 | I14: mar | J14: 34980
C15: Total Geral | D15: 104940 | F15: Notebook | G15: 63000 | I15: abr | J15: 34980
F16: Teclado | G16: 2700 | I16: Total Geral | J16: 104940
C17: Rótulos de Linha | D17: Soma de preco | F17: Total Geral | G17: 104940
C18: Ana | D18: 35280
C19: Carlos | D19: 28080
C20: Juliana | D20: 23280
C21: Pedro | D21: 18300
C22: Total Geral | D22: 104940
C24: Rótulos de Linha | D24: Soma de quantidade
C25: Ana | D25: 89
C26: Carlos | D26: 117
C27: Juliana | D27: 88
C28: Pedro | D28: 28
C29: Total Geral | D29: 322

Sheet Dash (vendedorRegiao)
A1: VISÂO GERAL
A3: ReceitaTotal
A4: ='Tabela dinamica'!A5 -> 194350
A6: Quantidade Vendida
A7: ='Tabela dinamica'!A8 -> 322
A9: Ticket Medio
A10: ='Tabela dinamica'!A11 -> 603.57143

Sheet Dash (CategoriaMês)
A1: VISÂO GERAL
A3: ReceitaTotal
A4: ='Tabela dinamica'!A5 -> 194350
A6: Quantidade Vendida
A7: ='Tabela dinamica'!A8 -> 322
A9: Ticket Medio
A10: ='Tabela dinamica'!A11 -> 603.57143
